{
  "project_info": {
    "project_number": "54454007192",
    "project_id": "freelancejo-28bc1",
    "storage_bucket": "freelancejo-28bc1.firebasestorage.app"
  },
  "client": [
    {
      "client_info": {
        "mobilesdk_app_id": "1:54454007192:android:2c520a1fc0759bdbf127ed",
        "android_client_info": {
          "package_name": "com.example.flutter_project"
        }
      },
      "oauth_client": [],
      "api_key": [
        {
          "current_key": "AIzaSyCo2uAV6tcy8_1fAE5lo2pycWA3mPVtS4Y"
        }
      ],
      "services": {
        "appinvite_service": {
          "other_platform_oauth_client": []
        }
      }
    }
  ],
  "configuration_version": "1"
}